<?xml version="1.0" encoding="UTF-8"?><tns0:Envelope xmlns:tns0="http://schemas.xmlsoap.org/soap/envelope/" xmlns:Q10="http://sample/iibadmin" xmlns:tns1="http://EmployeeService" xmlns:xsi="http://www.w3.org/2001/XMLSchema-instance">
  <tns0:Header/>
  <tns0:Body>
    <tns1:getEmployee>
      <Q10:EMPLOYEE>
        <EMPNO>000050</EMPNO>
        <FIRSTNME>JOHN</FIRSTNME>
        <MIDINIT>B</MIDINIT>
        <LASTNAME>GEYER</LASTNAME>
        <WORKDEPT>E01</WORKDEPT>
        <PHONENO>6789</PHONENO>
        <HIREDATE>1979-08-17</HIREDATE>
        <JOB>MANAGER </JOB>
        <EDLEVEL>16</EDLEVEL>
        <SEX>M</SEX>
        <BIRTHDATE>1955-09-15</BIRTHDATE>
        <SALARY>80175</SALARY>
        <BONUS>800</BONUS>
        <COMM>3214</COMM>
      </Q10:EMPLOYEE>
    </tns1:getEmployee>
  </tns0:Body>
</tns0:Envelope>