<?xml version="1.0" encoding="UTF-8"?><tns0:Envelope xmlns:tns0="http://schemas.xmlsoap.org/soap/envelope/" xmlns:Q10="http://sample/iibadmin" xmlns:tns1="http://EmployeeService" xmlns:xsi="http://www.w3.org/2001/XMLSchema-instance">
  <tns0:Header/>
  <tns0:Body>
    <tns1:getEmployee>
      <Q10:EMPLOYEE>
        <EMPNO>000012</EMPNO>
        <FIRSTNME>FIRSTNME</FIRSTNME>
        <MIDINIT>MIDINIT</MIDINIT>
        <LASTNAME>LASTNAME</LASTNAME>
        <WORKDEPT>WORKDEPT</WORKDEPT>
        <PHONENO>PHONENO</PHONENO>
        <HIREDATE>2002-01-01</HIREDATE>
        <JOB>JOB</JOB>
        <EDLEVEL>0</EDLEVEL>
        <SEX>SEX</SEX>
        <BIRTHDATE>2002-01-01</BIRTHDATE>
        <SALARY>0</SALARY>
        <BONUS>0</BONUS>
        <COMM>0</COMM>
      </Q10:EMPLOYEE>
    </tns1:getEmployee>
  </tns0:Body>
</tns0:Envelope>